id;jhi_date;jhi_value;fund_id
1;2017-05-03;380.89;1
2;2017-05-02;380.68;1
3;2017-04-28;380.04;1
4;2017-04-27;380.38;1
5;2017-04-26;379.92;1
6;2017-04-25;379.48;1
7;2017-04-24;379.77;1
8;2017-04-21;377.76;1
9;2017-04-20;377.53;1
10;2017-04-19;377.36;1
11;2017-04-18;377.57;1
12;2017-04-13;378.37;1
13;2017-04-12;378.71;1
14;2017-04-11;378.85;1
15;2017-04-10;379.16;1
16;2017-04-07;379.26;1
17;2017-04-06;378.67;1
18;2017-04-05;378.51;1
19;2017-04-04;378.45;1
20;2017-04-03;378.21;1
21;2017-03-31;377.92;1
22;2017-03-30;377.91;1
23;2017-03-29;377.55;1
24;2017-03-28;376.42;1
25;2017-03-27;375.48;1
26;2017-03-24;376.25;1
27;2017-03-23;376.03;1
28;2017-03-22;375.45;1
29;2017-03-21;375.39;1
30;2017-03-20;376.17;1
31;2017-03-17;376.31;1
32;2017-03-16;376.09;1
33;2017-03-15;376.21;1
34;2017-03-14;375.26;1
35;2017-03-13;375.43;1
36;2017-03-10;375.06;1
37;2017-03-09;375.78;1
38;2017-03-08;376.54;1
39;2017-03-07;377.16;1
40;2017-03-06;377.38;1
41;2017-03-03;378.13;1
42;2017-03-02;378.42;1
43;2017-03-01;378.78;1
44;2017-02-28;377.20;1
45;2017-02-27;377.21;1
46;2017-02-24;377.38;1
47;2017-02-23;377.57;1
48;2017-02-22;377.55;1
49;2017-02-21;377.22;1
50;2017-02-20;376.55;1
51;2017-02-17;376.12;1
52;2017-02-16;375.99;1
53;2017-02-15;376.16;1
54;2017-02-14;375.61;1
55;2017-02-13;375.37;1
56;2017-02-10;374.34;1
57;2017-02-09;374.28;1
58;2017-02-08;372.97;1
59;2017-02-07;372.27;1
60;2017-02-06;371.93;1
61;2017-02-03;372.55;1
62;2017-02-02;371.81;1
63;2017-02-01;371.68;1
64;2017-01-31;371.21;1
65;2017-01-30;372.07;1
66;2017-01-27;373.23;1
67;2017-01-26;373.59;1
68;2017-01-25;373.80;1
69;2017-01-24;373.10;1
70;2017-01-23;373.13;1
71;2017-01-20;373.28;1
72;2017-01-19;373.76;1
73;2017-01-18;373.80;1
74;2017-01-17;373.93;1
75;2017-01-16;374.39;1
76;2017-01-13;374.82;1
77;2017-01-12;374.29;1
78;2017-01-11;375.68;1
79;2017-01-10;374.54;1
80;2017-01-09;374.61;1
81;2017-01-06;374.70;1
82;2017-01-05;374.99;1
83;2017-01-04;375.66;1
84;2017-01-03;376.10;1
85;2017-01-02;375.65;1
86;2016-12-30;374.60;1
87;2016-12-29;375.15;1
88;2016-12-28;375.44;1
89;2016-12-27;375.07;1
90;2016-12-23;374.78;1
91;2016-12-22;374.31;1
92;2016-12-21;374.91;1
93;2016-12-20;375.13;1
94;2016-12-19;374.55;1
95;2016-12-16;374.00;1
96;2016-12-15;373.72;1
97;2016-12-14;372.90;1
98;2016-12-13;372.85;1
99;2016-12-12;371.53;1
100;2016-12-09;372.16;1
101;2016-12-08;371.31;1
102;2016-12-07;370.02;1
103;2016-12-06;368.53;1
104;2016-12-05;367.45;1
105;2016-12-02;367.63;1
106;2016-12-01;367.45;1
107;2016-11-30;368.58;1
108;2016-11-29;368.46;1
109;2016-11-28;368.21;1
110;2016-11-25;368.38;1
111;2016-11-24;368.26;1
112;2016-11-23;368.27;1
113;2016-11-22;369.06;1
114;2016-11-21;367.80;1
115;2016-11-18;367.67;1
116;2016-11-17;367.90;1
117;2016-11-16;367.52;1
118;2016-11-15;367.91;1
119;2016-11-14;366.89;1
120;2016-11-11;366.95;1
121;2016-11-10;368.89;1
122;2016-11-09;369.87;1
123;2017-05-04;1168.25;2
124;2017-05-03;1165.70;2
125;2017-05-02;1166.50;2
126;2017-04-28;1160.04;2
127;2017-04-27;1160.30;2
128;2017-04-26;1161.97;2
129;2017-04-25;1158.35;2
130;2017-04-24;1156.66;2
131;2017-04-21;1146.64;2
132;2017-04-20;1142.94;2
133;2017-04-19;1141.22;2
134;2017-04-18;1139.87;2
135;2017-04-13;1148.55;2
136;2017-04-12;1152.53;2
137;2017-04-11;1152.22;2
138;2017-04-10;1155.99;2
139;2017-04-07;1156.25;2
140;2017-04-06;1153.88;2
141;2017-04-05;1154.33;2
142;2017-04-04;1154.31;2
143;2017-04-03;1152.76;2
144;2017-03-31;1153.51;2
145;2017-03-30;1152.48;2
146;2017-03-29;1147.27;2
147;2017-03-28;1139.97;2
148;2017-03-27;1133.11;2
149;2017-03-24;1139.91;2
150;2017-03-23;1140.88;2
151;2017-03-22;1135.19;2
152;2017-03-21;1138.31;2
153;2017-03-20;1148.57;2
154;2017-03-17;1150.18;2
155;2017-03-16;1148.66;2
156;2017-03-15;1146.80;2
157;2017-03-14;1142.37;2
158;2017-03-13;1144.10;2
159;2017-03-10;1139.85;2
160;2017-03-09;1142.78;2
161;2017-03-08;1144.27;2
162;2017-03-07;1143.87;2
163;2017-03-06;1144.20;2
164;2017-03-03;1149.20;2
165;2017-03-02;1152.32;2
166;2017-03-01;1153.41;2
167;2017-02-28;1135.86;2
168;2017-02-27;1136.91;2
169;2017-02-24;1140.21;2
170;2017-02-23;1145.53;2
171;2017-02-22;1148.19;2
172;2017-02-21;1149.73;2
173;2017-02-20;1139.90;2
174;2017-02-17;1137.58;2
175;2017-02-16;1137.01;2
176;2017-02-15;1142.59;2
177;2017-02-14;1140.80;2
178;2017-02-13;1138.11;2
179;2017-02-10;1129.15;2
180;2017-02-09;1123.75;2
181;2017-02-08;1114.66;2
182;2017-02-07;1115.24;2
183;2017-02-06;1112.23;2
184;2017-02-03;1114.22;2
185;2017-02-02;1107.83;2
186;2017-02-01;1110.38;2
187;2017-01-31;1101.14;2
188;2017-01-30;1112.39;2
189;2017-01-27;1119.83;2
190;2017-01-26;1124.36;2
191;2017-01-25;1118.98;2
192;2017-01-24;1107.48;2
193;2017-01-23;1102.75;2
194;2017-01-20;1108.86;2
195;2017-01-19;1112.27;2
196;2017-01-18;1108.91;2
197;2017-01-17;1106.40;2
198;2017-01-16;1113.67;2
199;2017-01-13;1118.78;2
200;2017-01-12;1108.89;2
201;2017-01-11;1121.95;2
202;2017-01-10;1114.76;2
203;2017-01-09;1115.00;2
204;2017-01-06;1117.55;2
205;2017-01-05;1113.23;2
206;2017-01-04;1117.83;2
207;2017-01-03;1118.30;2
208;2017-01-02;1109.97;2
209;2016-12-30;1104.01;2
210;2016-12-29;1104.64;2
211;2016-12-28;1111.06;2
212;2016-12-27;1107.97;2
213;2016-12-23;1106.57;2
214;2016-12-22;1106.55;2
215;2016-12-21;1109.46;2
216;2016-12-20;1113.54;2
217;2016-12-19;1108.73;2
218;2016-12-16;1109.14;2
219;2016-12-15;1110.85;2
220;2016-12-14;1096.88;2
221;2016-12-13;1101.04;2
222;2016-12-12;1097.15;2
223;2016-12-09;1103.38;2
224;2016-12-08;1097.08;2
225;2016-12-07;1081.62;2
226;2016-12-06;1074.79;2
227;2016-12-05;1068.95;2
228;2016-12-02;1065.77;2
229;2016-12-01;1072.20;2
230;2016-11-30;1075.52;2
231;2016-11-29;1074.05;2
232;2016-11-28;1073.82;2
233;2016-11-25;1076.72;2
234;2016-11-24;1076.52;2
235;2016-11-23;1077.22;2
236;2016-11-22;1075.63;2
237;2016-11-21;1070.66;2
238;2016-11-18;1070.93;2
239;2016-11-17;1069.77;2
240;2016-11-16;1064.85;2
241;2016-11-15;1064.35;2
242;2016-11-14;1063.89;2
243;2016-11-11;1062.25;2
244;2016-11-10;1067.56;2
245;2016-11-09;1066.84;2
246;2017-05-03;605.50;3
247;2017-05-02;607.00;3
248;2017-04-28;605.36;3
249;2017-04-27;605.13;3
250;2017-04-26;606.87;3
251;2017-04-25;605.29;3
252;2017-04-24;605.20;3
253;2017-04-21;601.83;3
254;2017-04-20;600.27;3
255;2017-04-19;600.05;3
256;2017-04-18;600.37;3
257;2017-04-13;604.33;3
258;2017-04-12;605.06;3
259;2017-04-11;604.88;3
260;2017-04-10;606.56;3
261;2017-04-07;607.05;3
262;2017-04-06;605.72;3
263;2017-04-05;606.42;3
264;2017-04-04;605.63;3
265;2017-04-03;604.82;3
266;2017-03-31;605.06;3
267;2017-03-30;605.07;3
268;2017-03-29;603.65;3
269;2017-03-28;599.64;3
270;2017-03-27;596.44;3
271;2017-03-24;599.85;3
272;2017-03-23;599.68;3
273;2017-03-22;597.74;3
274;2017-03-21;599.54;3
275;2017-03-20;604.08;3
276;2017-03-17;603.88;3
277;2017-03-16;604.11;3
278;2017-03-15;602.68;3
279;2017-03-14;600.62;3
280;2017-03-13;601.97;3
281;2017-03-10;600.83;3
282;2017-03-09;601.25;3
283;2017-03-08;603.19;3
284;2017-03-07;603.74;3
285;2017-03-06;604.15;3
286;2017-03-03;605.98;3
287;2017-03-02;608.02;3
288;2017-03-01;609.00;3
289;2017-02-28;601.58;3
290;2017-02-27;602.45;3
291;2017-02-24;603.08;3
292;2017-02-23;605.35;3
293;2017-02-22;607.10;3
294;2017-02-21;607.02;3
295;2017-02-20;603.30;3
296;2017-02-17;601.48;3
297;2017-02-16;601.55;3
298;2017-02-15;604.21;3
299;2017-02-14;602.28;3
300;2017-02-13;600.98;3
301;2017-02-10;597.95;3
302;2017-02-09;595.36;3
303;2017-02-08;591.26;3
304;2017-02-07;591.46;3
305;2017-02-06;590.28;3
306;2017-02-03;590.49;3
307;2017-02-02;587.95;3
308;2017-02-01;588.52;3
309;2017-01-31;585.08;3
310;2017-01-30;588.89;3
311;2017-01-27;592.83;3
312;2017-01-26;594.03;3
313;2017-01-25;591.78;3
314;2017-01-24;587.81;3
315;2017-01-23;586.25;3
316;2017-01-20;588.99;3
317;2017-01-19;589.78;3
318;2017-01-18;588.47;3
319;2017-01-17;587.84;3
320;2017-01-16;591.22;3
321;2017-01-13;592.43;3
322;2017-01-12;588.74;3
323;2017-01-11;594.24;3
324;2017-01-10;590.88;3
325;2017-01-09;591.15;3
326;2017-01-06;590.84;3
327;2017-01-05;589.80;3
328;2017-01-04;591.39;3
329;2017-01-03;591.29;3
330;2017-01-02;587.68;3
331;2016-12-30;585.13;3
332;2016-12-29;586.06;3
333;2016-12-28;589.04;3
334;2016-12-27;587.29;3
335;2016-12-23;586.19;3
336;2016-12-22;585.77;3
337;2016-12-21;587.46;3
338;2016-12-20;588.72;3
339;2016-12-19;586.23;3
340;2016-12-16;586.78;3
341;2016-12-15;586.70;3
342;2016-12-14;581.89;3
343;2016-12-13;583.23;3
344;2016-12-12;582.15;3
345;2016-12-09;585.08;3
346;2016-12-08;581.77;3
347;2016-12-07;574.67;3
348;2016-12-06;572.64;3
349;2016-12-05;571.96;3
350;2016-12-02;571.93;3
351;2016-12-01;574.10;3
352;2016-11-30;576.59;3
353;2016-11-29;575.63;3
354;2016-11-28;576.66;3
355;2016-11-25;576.59;3
356;2016-11-24;577.51;3
357;2016-11-23;577.42;3
358;2016-11-22;577.80;3
359;2016-11-21;575.74;3
360;2016-11-18;575.92;3
361;2016-11-17;575.48;3
362;2016-11-16;574.29;3
363;2016-11-15;572.93;3
364;2016-11-14;570.99;3
365;2016-11-11;569.75;3
366;2016-11-10;574.57;3
367;2016-11-09;576.97;3
368;2017-05-04;603.89;4
369;2017-05-03;604.12;4
370;2017-05-02;603.68;4
371;2017-04-28;603.72;4
372;2017-04-27;604.13;4
373;2017-04-26;602.80;4
374;2017-04-25;602.96;4
375;2017-04-24;604.11;4
376;2017-04-21;601.86;4
377;2017-04-20;602.13;4
378;2017-04-19;602.26;4
379;2017-04-18;602.58;4
380;2017-04-13;601.86;4
381;2017-04-12;601.97;4
382;2017-04-11;602.25;4
383;2017-04-10;602.91;4
384;2017-04-07;603.13;4
385;2017-04-06;602.47;4
386;2017-04-05;602.44;4
387;2017-04-04;602.32;4
388;2017-04-03;601.88;4
389;2017-03-31;601.05;4
390;2017-03-30;601.30;4
391;2017-03-29;601.58;4
392;2017-03-28;600.76;4
393;2017-03-27;600.30;4
394;2017-03-24;600.06;4
395;2017-03-23;599.06;4
396;2017-03-22;599.49;4
397;2017-03-21;598.16;4
398;2017-03-20;597.80;4
399;2017-03-17;597.51;4
400;2017-03-16;597.48;4
401;2017-03-15;598.80;4
402;2017-03-14;597.82;4
403;2017-03-13;597.36;4
404;2017-03-10;597.47;4
405;2017-03-09;598.91;4
406;2017-03-08;599.85;4
407;2017-03-07;601.18;4
408;2017-03-06;601.20;4
409;2017-03-03;601.58;4
410;2017-03-02;601.12;4
411;2017-03-01;601.34;4
412;2017-02-28;601.93;4
413;2017-02-27;601.53;4
414;2017-02-24;600.68;4
415;2017-02-23;600.04;4
416;2017-02-22;599.93;4
417;2017-02-21;599.31;4
418;2017-02-20;600.40;4
419;2017-02-17;600.43;4
420;2017-02-16;600.78;4
421;2017-02-15;600.04;4
422;2017-02-14;600.15;4
423;2017-02-13;600.46;4
424;2017-02-10;600.01;4
425;2017-02-09;601.13;4
426;2017-02-08;600.51;4
427;2017-02-07;599.04;4
428;2017-02-06;598.77;4
429;2017-02-03;599.91;4
430;2017-02-02;600.23;4
431;2017-02-01;599.06;4
432;2017-01-31;599.84;4
433;2017-01-30;599.00;4
434;2017-01-27;600.14;4
435;2017-01-26;600.31;4
436;2017-01-25;601.83;4
437;2017-01-24;603.01;4
438;2017-01-23;603.90;4
439;2017-01-20;602.88;4
440;2017-01-19;603.55;4
441;2017-01-18;604.32;4
442;2017-01-17;604.88;4
443;2017-01-16;604.60;4
444;2017-01-13;604.34;4
445;2017-01-12;604.55;4
446;2017-01-11;604.68;4
447;2017-01-10;604.06;4
448;2017-01-09;604.29;4
449;2017-01-06;603.23;4
450;2017-01-05;603.94;4
451;2017-01-04;604.95;4
452;2017-01-03;605.12;4
453;2017-01-02;606.87;4
454;2016-12-30;606.11;4
455;2016-12-29;606.58;4
456;2016-12-28;606.60;4
457;2016-12-27;606.28;4
458;2016-12-23;605.98;4
459;2016-12-22;605.58;4
460;2016-12-21;606.16;4
461;2016-12-20;606.02;4
462;2016-12-19;606.14;4
463;2016-12-16;605.04;4
464;2016-12-15;605.05;4
465;2016-12-14;605.68;4
466;2016-12-13;604.46;4
467;2016-12-12;602.79;4
468;2016-12-09;603.02;4
469;2016-12-08;603.00;4
470;2016-12-07;604.21;4
471;2016-12-06;603.31;4
472;2016-12-05;602.97;4
473;2016-12-02;603.87;4
474;2016-12-01;601.98;4
475;2016-11-30;603.66;4
476;2016-11-29;604.38;4
477;2016-11-28;603.60;4
478;2016-11-25;602.93;4
479;2016-11-24;602.56;4
480;2016-11-23;602.71;4
481;2016-11-22;604.19;4
482;2016-11-21;602.81;4
483;2016-11-18;602.59;4
484;2016-11-17;602.62;4
485;2016-11-16;603.17;4
486;2016-11-15;604.22;4
487;2016-11-14;602.66;4
488;2016-11-11;603.69;4
489;2016-11-10;605.46;4
490;2016-11-09;607.73;4
491;2017-05-04;724.82;5
492;2017-05-03;726.09;5
493;2017-05-02;726.76;5
494;2017-04-28;726.94;5
495;2017-04-27;726.68;5
496;2017-04-26;726.86;5
497;2017-04-25;725.84;5
498;2017-04-24;728.05;5
499;2017-04-21;728.59;5
500;2017-04-20;728.78;5
501;2017-04-19;729.68;5
502;2017-04-18;731.53;5
503;2017-04-13;730.14;5
504;2017-04-12;730.03;5
505;2017-04-11;727.88;5
506;2017-04-10;725.78;5
507;2017-04-07;725.30;5
508;2017-04-06;726.38;5
509;2017-04-05;726.55;5
510;2017-04-04;725.55;5
511;2017-04-03;726.98;5
512;2017-03-31;724.86;5
513;2017-03-30;724.17;5
514;2017-03-29;725.06;5
515;2017-03-28;723.82;5
516;2017-03-27;724.95;5
517;2017-03-24;723.86;5
518;2017-03-23;723.50;5
519;2017-03-22;723.82;5
520;2017-03-21;723.45;5
521;2017-03-20;721.73;5
522;2017-03-17;720.40;5
523;2017-03-16;719.17;5
524;2017-03-15;719.60;5
525;2017-03-14;716.00;5
526;2017-03-13;715.19;5
527;2017-03-10;716.67;5
528;2017-03-09;715.44;5
529;2017-03-08;717.38;5
530;2017-03-07;719.33;5
531;2017-03-06;720.32;5
532;2017-03-03;720.68;5
533;2017-03-02;720.74;5
534;2017-03-01;721.67;5
535;2017-02-28;724.58;5
536;2017-02-27;726.37;5
537;2017-02-24;727.80;5
538;2017-02-23;725.88;5
539;2017-02-22;723.47;5
540;2017-02-21;723.50;5
541;2017-02-20;724.36;5
542;2017-02-17;724.05;5
543;2017-02-16;723.36;5
544;2017-02-15;721.62;5
545;2017-02-14;721.93;5
546;2017-02-13;723.43;5
547;2017-02-10;724.53;5
548;2017-02-09;724.59;5
549;2017-02-08;726.59;5
550;2017-02-07;724.59;5
551;2017-02-06;724.46;5
552;2017-02-03;723.59;5
553;2017-02-02;723.20;5
554;2017-02-01;722.57;5
555;2017-01-31;723.48;5
556;2017-01-30;721.78;5
557;2017-01-27;721.65;5
558;2017-01-26;720.78;5
559;2017-01-25;720.67;5
560;2017-01-24;721.84;5
561;2017-01-23;723.20;5
562;2017-01-20;720.27;5
563;2017-01-19;719.97;5
564;2017-01-18;723.16;5
565;2017-01-17;726.40;5
566;2017-01-16;723.64;5
567;2017-01-13;723.60;5
568;2017-01-12;724.98;5
569;2017-01-11;723.34;5
570;2017-01-10;723.58;5
571;2017-01-09;723.63;5
572;2017-01-06;721.85;5
573;2017-01-05;724.44;5
574;2017-01-04;720.68;5
575;2017-01-03;719.27;5
576;2017-01-02;719.34;5
577;2016-12-30;719.37;5
578;2016-12-29;717.73;5
579;2016-12-28;715.97;5
580;2016-12-27;714.51;5
581;2016-12-23;715.35;5
582;2016-12-22;715.01;5
583;2016-12-21;715.64;5
584;2016-12-20;715.05;5
585;2016-12-19;715.56;5
586;2016-12-16;713.93;5
587;2016-12-15;713.50;5
588;2016-12-14;717.36;5
589;2016-12-13;719.80;5
590;2016-12-12;720.01;5
591;2016-12-09;719.66;5
592;2016-12-08;721.34;5
593;2016-12-07;723.28;5
594;2016-12-06;721.46;5
595;2016-12-05;721.61;5
596;2016-12-02;721.72;5
597;2016-12-01;719.28;5
598;2016-11-30;721.00;5
599;2016-11-29;723.79;5
600;2016-11-28;723.22;5
601;2016-11-25;721.16;5
602;2016-11-24;721.60;5
603;2016-11-23;721.60;5
604;2016-11-22;723.63;5
605;2016-11-21;723.27;5
606;2016-11-18;721.43;5
607;2016-11-17;723.72;5
608;2016-11-16;725.91;5
609;2016-11-15;725.43;5
610;2016-11-14;723.83;5
611;2016-11-11;728.26;5
612;2016-11-10;728.92;5
613;2016-11-09;732.40;5
614;2017-05-03;566.88;6
615;2017-05-02;568.25;6
616;2017-04-28;563.37;6
617;2017-04-27;563.88;6
618;2017-04-26;564.15;6
619;2017-04-25;560.25;6
620;2017-04-24;559.36;6
621;2017-04-21;563.50;6
622;2017-04-20;557.79;6
623;2017-04-19;558.03;6
624;2017-04-18;559.27;6
625;2017-04-13;565.75;6
626;2017-04-12;564.73;6
627;2017-04-11;562.78;6
628;2017-04-10;565.58;6
629;2017-04-07;566.75;6
630;2017-04-06;565.98;6
631;2017-04-05;568.09;6
632;2017-04-04;565.42;6
633;2017-04-03;565.29;6
634;2017-03-31;560.19;6
635;2017-03-30;562.17;6
636;2017-03-29;561.11;6
637;2017-03-28;554.41;6
638;2017-03-27;550.93;6
639;2017-03-24;557.32;6
640;2017-03-23;556.63;6
641;2017-03-22;553.82;6
642;2017-03-21;557.75;6
643;2017-03-20;560.39;6
644;2017-03-17;557.42;6
645;2017-03-16;556.19;6
646;2017-03-15;552.29;6
647;2017-03-14;548.98;6
648;2017-03-13;546.70;6
649;2017-03-10;542.88;6
650;2017-03-09;544.39;6
651;2017-03-08;550.79;6
652;2017-03-07;550.99;6
653;2017-03-06;549.44;6
654;2017-03-03;549.69;6
655;2017-03-02;553.99;6
656;2017-03-01;554.92;6
657;2017-02-28;549.43;6
658;2017-02-27;551.81;6
659;2017-02-24;556.16;6
660;2017-02-23;559.40;6
661;2017-02-22;560.68;6
662;2017-02-21;558.90;6
663;2017-02-20;553.58;6
664;2017-02-17;550.59;6
665;2017-02-16;551.22;6
666;2017-02-15;554.67;6
667;2017-02-14;553.12;6
668;2017-02-13;550.88;6
669;2017-02-10;547.52;6
670;2017-02-09;544.01;6
671;2017-02-08;539.36;6
672;2017-02-07;539.64;6
673;2017-02-06;539.60;6
674;2017-02-03;535.25;6
675;2017-02-02;531.77;6
676;2017-02-01;532.95;6
677;2017-01-31;528.85;6
678;2017-01-30;534.06;6
679;2017-01-27;534.72;6
680;2017-01-26;537.09;6
681;2017-01-25;531.77;6
682;2017-01-24;528.59;6
683;2017-01-23;524.77;6
684;2017-01-20;524.04;6
685;2017-01-19;526.54;6
686;2017-01-18;524.39;6
687;2017-01-17;523.11;6
688;2017-01-16;523.90;6
689;2017-01-13;525.59;6
690;2017-01-12;524.88;6
691;2017-01-11;530.10;6
692;2017-01-10;522.95;6
693;2017-01-09;520.78;6
694;2017-01-06;520.97;6
695;2017-01-05;519.60;6
696;2017-01-04;520.19;6
697;2017-01-03;522.20;6
698;2017-01-02;514.40;6
699;2016-12-30;510.97;6
700;2016-12-29;512.15;6
701;2016-12-28;512.68;6
702;2016-12-27;506.47;6
703;2016-12-23;505.76;6
704;2016-12-22;506.15;6
705;2016-12-21;511.23;6
706;2016-12-20;513.02;6
707;2016-12-19;511.08;6
708;2016-12-16;515.55;6
709;2016-12-15;515.40;6
710;2016-12-14;511.37;6
711;2016-12-13;513.95;6
712;2016-12-12;513.39;6
713;2016-12-09;519.71;6
714;2016-12-08;516.60;6
715;2016-12-07;504.75;6
716;2016-12-06;504.05;6
717;2016-12-05;500.90;6
718;2016-12-02;502.51;6
719;2016-12-01;507.99;6
720;2016-11-30;511.06;6
721;2016-11-29;508.60;6
722;2016-11-28;511.07;6
723;2016-11-25;507.56;6
724;2016-11-24;507.76;6
725;2016-11-23;509.81;6
726;2016-11-22;509.54;6
727;2016-11-21;502.86;6
728;2016-11-18;505.67;6
729;2016-11-17;502.18;6
730;2016-11-16;500.72;6
731;2016-11-15;495.08;6
732;2016-11-14;495.81;6
733;2016-11-11;495.92;6
734;2016-11-10;508.29;6
735;2016-11-09;506.88;6
736;2017-05-04;301.29;7
737;2017-05-03;298.62;7
738;2017-05-02;298.75;7
739;2017-04-28;295.53;7
740;2017-04-27;294.99;7
741;2017-04-26;294.48;7
742;2017-04-25;294.06;7
743;2017-04-24;293.42;7
744;2017-04-21;288.26;7
745;2017-04-20;289.06;7
746;2017-04-19;289.31;7
747;2017-04-18;288.84;7
748;2017-04-13;291.25;7
749;2017-04-12;290.92;7
750;2017-04-11;291.21;7
751;2017-04-10;292.39;7
752;2017-04-07;292.12;7
753;2017-04-06;291.97;7
754;2017-04-05;291.40;7
755;2017-04-04;291.77;7
756;2017-04-03;291.40;7
757;2017-03-31;291.64;7
758;2017-03-30;290.32;7
759;2017-03-29;289.46;7
760;2017-03-28;288.69;7
761;2017-03-27;286.98;7
762;2017-03-24;287.92;7
763;2017-03-23;288.78;7
764;2017-03-22;286.70;7
765;2017-03-21;288.07;7
766;2017-03-20;291.56;7
767;2017-03-17;292.33;7
768;2017-03-16;289.84;7
769;2017-03-15;288.80;7
770;2017-03-14;287.84;7
771;2017-03-13;288.43;7
772;2017-03-10;288.00;7
773;2017-03-09;286.84;7
774;2017-03-08;284.94;7
775;2017-03-07;284.26;7
776;2017-03-06;283.90;7
777;2017-03-03;283.30;7
778;2017-03-02;282.39;7
779;2017-03-01;282.99;7
780;2017-02-28;278.41;7
781;2017-02-27;277.51;7
782;2017-02-24;277.38;7
783;2017-02-23;278.98;7
784;2017-02-22;279.91;7
785;2017-02-21;280.39;7
786;2017-02-20;279.91;7
787;2017-02-17;279.25;7
788;2017-02-16;278.73;7
789;2017-02-15;278.48;7
790;2017-02-14;278.61;7
791;2017-02-13;278.13;7
792;2017-02-10;276.43;7
793;2017-02-09;276.78;7
794;2017-02-08;274.80;7
795;2017-02-07;274.15;7
796;2017-02-06;273.23;7
797;2017-02-03;274.78;7
798;2017-02-02;274.33;7
799;2017-02-01;274.20;7
800;2017-01-31;271.96;7
801;2017-01-30;273.39;7
802;2017-01-27;275.75;7
803;2017-01-26;275.46;7
804;2017-01-25;275.32;7
805;2017-01-24;273.11;7
806;2017-01-23;273.47;7
807;2017-01-20;274.07;7
808;2017-01-19;274.78;7
809;2017-01-18;275.08;7
810;2017-01-17;275.33;7
811;2017-01-16;275.94;7
812;2017-01-13;276.82;7
813;2017-01-12;273.58;7
814;2017-01-11;275.56;7
815;2017-01-10;276.03;7
816;2017-01-09;276.48;7
817;2017-01-06;277.74;7
818;2017-01-05;277.25;7
819;2017-01-04;276.66;7
820;2017-01-03;276.09;7
821;2017-01-02;274.65;7
822;2016-12-30;273.74;7
823;2016-12-29;273.51;7
824;2016-12-28;273.30;7
825;2016-12-27;272.82;7
826;2016-12-23;271.70;7
827;2016-12-22;270.40;7
828;2016-12-21;269.82;7
829;2016-12-20;268.73;7
830;2016-12-19;267.12;7
831;2016-12-16;266.96;7
832;2016-12-15;265.68;7
833;2016-12-14;264.93;7
834;2016-12-13;266.26;7
835;2016-12-12;264.02;7
836;2016-12-09;264.90;7
837;2016-12-08;263.83;7
838;2016-12-07;262.06;7
839;2016-12-06;261.40;7
840;2016-12-05;259.29;7
841;2016-12-02;257.33;7
842;2016-12-01;258.61;7
843;2016-11-30;260.80;7
844;2016-11-29;260.48;7
845;2016-11-28;260.32;7
846;2016-11-25;262.45;7
847;2016-11-24;261.05;7
848;2016-11-23;260.35;7
849;2016-11-22;260.36;7
850;2016-11-21;258.93;7
851;2016-11-18;258.75;7
852;2016-11-17;259.54;7
853;2016-11-16;258.63;7
854;2016-11-15;258.61;7
855;2016-11-14;258.95;7
856;2016-11-11;259.23;7
857;2016-11-10;260.30;7
858;2016-11-09;261.88;7
859;2017-05-04;1109.36;8
860;2017-05-03;1108.04;8
861;2017-05-02;1108.50;8
862;2017-04-28;1104.28;8
863;2017-04-27;1104.52;8
864;2017-04-26;1105.23;8
865;2017-04-25;1102.37;8
866;2017-04-24;1101.77;8
867;2017-04-21;1095.52;8
868;2017-04-20;1092.53;8
869;2017-04-19;1092.12;8
870;2017-04-18;1091.51;8
871;2017-04-13;1097.78;8
872;2017-04-12;1100.41;8
873;2017-04-11;1100.07;8
874;2017-04-10;1102.66;8
875;2017-04-07;1102.56;8
876;2017-04-06;1100.64;8
877;2017-04-05;1100.78;8
878;2017-04-04;1101.10;8
879;2017-04-03;1100.21;8
880;2017-03-31;1100.13;8
881;2017-03-30;1099.09;8
882;2017-03-29;1095.40;8
883;2017-03-28;1089.40;8
884;2017-03-27;1084.82;8
885;2017-03-24;1089.84;8
886;2017-03-23;1090.41;8
887;2017-03-22;1086.82;8
888;2017-03-21;1088.59;8
889;2017-03-20;1095.76;8
890;2017-03-17;1096.56;8
891;2017-03-16;1095.64;8
892;2017-03-15;1095.03;8
893;2017-03-14;1091.72;8
894;2017-03-13;1092.53;8
895;2017-03-10;1090.12;8
896;2017-03-09;1092.98;8
897;2017-03-08;1094.72;8
898;2017-03-07;1095.09;8
899;2017-03-06;1095.17;8
900;2017-03-03;1098.60;8
901;2017-03-02;1101.15;8
902;2017-03-01;1101.74;8
903;2017-02-28;1090.57;8
904;2017-02-27;1091.58;8
905;2017-02-24;1093.92;8
906;2017-02-23;1096.75;8
907;2017-02-22;1098.47;8
908;2017-02-21;1099.39;8
909;2017-02-20;1092.67;8
910;2017-02-17;1090.87;8
911;2017-02-16;1090.21;8
912;2017-02-15;1094.01;8
913;2017-02-14;1092.86;8
914;2017-02-13;1091.07;8
915;2017-02-10;1085.18;8
916;2017-02-09;1081.30;8
917;2017-02-08;1075.10;8
918;2017-02-07;1075.42;8
919;2017-02-06;1072.99;8
920;2017-02-03;1073.67;8
921;2017-02-02;1069.44;8
922;2017-02-01;1070.86;8
923;2017-01-31;1064.85;8
924;2017-01-30;1072.75;8
925;2017-01-27;1077.36;8
926;2017-01-26;1080.53;8
927;2017-01-25;1076.60;8
928;2017-01-24;1069.29;8
929;2017-01-23;1066.63;8
930;2017-01-20;1070.58;8
931;2017-01-19;1073.44;8
932;2017-01-18;1070.74;8
933;2017-01-17;1069.54;8
934;2017-01-16;1074.76;8
935;2017-01-13;1077.75;8
936;2017-01-12;1071.23;8
937;2017-01-11;1080.80;8
938;2017-01-10;1074.83;8
939;2017-01-09;1075.42;8
940;2017-01-06;1076.62;8
941;2017-01-05;1073.99;8
942;2017-01-04;1077.55;8
943;2017-01-03;1078.35;8
944;2017-01-02;1072.57;8
945;2016-12-30;1067.94;8
946;2016-12-29;1068.84;8
947;2016-12-28;1073.15;8
948;2016-12-27;1070.43;8
949;2016-12-23;1069.37;8
950;2016-12-22;1069.15;8
951;2016-12-21;1071.23;8
952;2016-12-20;1074.05;8
953;2016-12-19;1070.62;8
954;2016-12-16;1070.31;8
955;2016-12-15;1071.25;8
956;2016-12-14;1062.05;8
957;2016-12-13;1064.74;8
958;2016-12-12;1061.85;8
959;2016-12-09;1066.12;8
960;2016-12-08;1061.51;8
961;2016-12-07;1051.14;8
962;2016-12-06;1046.60;8
963;2016-12-05;1042.47;8
964;2016-12-02;1040.87;8
965;2016-12-01;1044.66;8
966;2016-11-30;1047.19;8
967;2016-11-29;1046.86;8
968;2016-11-28;1046.74;8
969;2016-11-25;1048.36;8
970;2016-11-24;1048.39;8
971;2016-11-23;1048.72;8
972;2016-11-22;1048.09;8
973;2016-11-21;1043.83;8
974;2016-11-18;1044.25;8
975;2016-11-17;1043.42;8
976;2016-11-16;1040.63;8
977;2016-11-15;1040.54;8
978;2016-11-14;1040.30;8
979;2016-11-11;1039.49;8
980;2016-11-10;1043.50;8
981;2016-11-09;1043.73;8
982;2017-05-04;521.61;9
983;2017-05-03;523.79;9
984;2017-05-02;524.24;9
985;2017-04-28;525.05;9
986;2017-04-27;525.74;9
987;2017-04-26;524.68;9
988;2017-04-25;523.25;9
989;2017-04-24;526.77;9
990;2017-04-21;531.92;9
991;2017-04-20;529.85;9
992;2017-04-19;531.69;9
993;2017-04-18;532.97;9
994;2017-04-13;533.66;9
995;2017-04-12;533.56;9
996;2017-04-11;532.43;9
997;2017-04-10;531.92;9
998;2017-04-07;531.49;9
999;2017-04-06;530.42;9
1000;2017-04-05;530.17;9
1001;2017-04-04;530.18;9
1002;2017-04-03;530.56;9
1003;2017-03-31;528.01;9
1004;2017-03-30;526.82;9
1005;2017-03-29;526.79;9
1006;2017-03-28;523.47;9
1007;2017-03-27;523.31;9
1008;2017-03-24;524.61;9
1009;2017-03-23;524.72;9
1010;2017-03-22;524.74;9
1011;2017-03-21;523.41;9
1012;2017-03-20;523.88;9
1013;2017-03-17;523.73;9
1014;2017-03-16;523.19;9
1015;2017-03-15;525.71;9
1016;2017-03-14;523.74;9
1017;2017-03-13;522.74;9
1018;2017-03-10;523.18;9
1019;2017-03-09;525.59;9
1020;2017-03-08;527.62;9
1021;2017-03-07;528.49;9
1022;2017-03-06;528.44;9
1023;2017-03-03;529.67;9
1024;2017-03-02;530.88;9
1025;2017-03-01;530.84;9
1026;2017-02-28;531.33;9
1027;2017-02-27;532.03;9
1028;2017-02-24;533.79;9
1029;2017-02-23;531.67;9
1030;2017-02-22;531.67;9
1031;2017-02-21;531.49;9
1032;2017-02-20;529.51;9
1033;2017-02-17;529.29;9
1034;2017-02-16;527.28;9
1035;2017-02-15;529.09;9
1036;2017-02-14;529.71;9
1037;2017-02-13;529.56;9
1038;2017-02-10;529.56;9
1039;2017-02-09;528.97;9
1040;2017-02-08;529.07;9
1041;2017-02-07;528.03;9
1042;2017-02-06;526.25;9
1043;2017-02-03;524.77;9
1044;2017-02-02;524.19;9
1045;2017-02-01;524.15;9
1046;2017-01-31;524.13;9
1047;2017-01-30;525.80;9
1048;2017-01-27;524.33;9
1049;2017-01-26;525.27;9
1050;2017-01-25;524.39;9
1051;2017-01-24;525.06;9
1052;2017-01-23;526.12;9
1053;2017-01-20;524.89;9
1054;2017-01-19;526.95;9
1055;2017-01-18;527.16;9
1056;2017-01-17;528.43;9
1057;2017-01-16;528.82;9
1058;2017-01-13;527.50;9
1059;2017-01-12;528.41;9
1060;2017-01-11;531.16;9
1061;2017-01-10;528.00;9
1062;2017-01-09;528.12;9
1063;2017-01-06;527.27;9
1064;2017-01-05;528.35;9
1065;2017-01-04;529.64;9
1066;2017-01-03;531.62;9
1067;2017-01-02;529.99;9
1068;2016-12-30;528.38;9
1069;2016-12-29;529.74;9
1070;2016-12-28;531.05;9
1071;2016-12-27;528.79;9
1072;2016-12-23;528.99;9
1073;2016-12-22;528.91;9
1074;2016-12-21;529.61;9
1075;2016-12-20;530.68;9
1076;2016-12-19;530.12;9
1077;2016-12-16;528.95;9
1078;2016-12-15;528.61;9
1079;2016-12-14;526.92;9
1080;2016-12-13;526.89;9
1081;2016-12-12;527.52;9
1082;2016-12-09;529.69;9
1083;2016-12-08;528.73;9
1084;2016-12-07;525.45;9
1085;2016-12-06;525.62;9
1086;2016-12-05;525.81;9
1087;2016-12-02;528.22;9
1088;2016-12-01;527.81;9
1089;2016-11-30;529.31;9
1090;2016-11-29;530.80;9
1091;2016-11-28;532.12;9
1092;2016-11-25;530.03;9
1093;2016-11-24;531.42;9
1094;2016-11-23;532.20;9
1095;2016-11-22;533.30;9
1096;2016-11-21;531.76;9
1097;2016-11-18;532.79;9
1098;2016-11-17;532.24;9
1099;2016-11-16;532.52;9
1100;2016-11-15;531.79;9
1101;2016-11-14;531.94;9
1102;2016-11-11;531.60;9
1103;2016-11-10;531.68;9
1104;2016-11-09;533.58;9